model,train_auc,val_auc,test_auc,val_precision,val_recall,val_f1,cv_auc_mean,cv_auc_std,training_time
xgboost,0.8160076518127264,0.8072897888063643,0.8082665584945469,0.6883732965326893,0.5463070709836402,0.6091668892874862,0.8066523601978945,0.001371898177660864,1.1913390159606934
lightgbm,0.8104028103800973,0.8054931795313931,0.8061589882785629,0.6844093406593407,0.5456910123896228,0.6072285485775222,0.8046984127381483,0.0012156434616681926,1.4576780796051025
random_forest,0.8058398672824172,0.7957961727827453,0.7962637593131171,0.6901475944029135,0.49291532616880007,0.5750908437487522,0.7946454195404249,0.0016786619529256524,8.039406061172485
logistic_regression,0.7584105513045625,0.7608620544012368,0.7598284454579546,0.6622543529172182,0.44520501060989803,0.5324600900532133,0.7582405741365802,0.0013710347066048286,1.2482960224151611
